{
  "version": 1,
  "author": "Araf Akter",
  "editor": "wokwi",
  "parts": [
    { "type": "wokwi-esp32-devkit-v1", "id": "esp", "top": 0, "left": 0, "attrs": {} },
    {
      "type": "board-ssd1306",
      "id": "oled1",
      "top": 22.34,
      "left": 173.03,
      "attrs": { "i2cAddress": "0x3c" }
    }
  ],
  "connections": [
    [ "esp:TX0", "$serialMonitor:RX", "", [] ],
    [ "esp:RX0", "$serialMonitor:TX", "", [] ],
    [ "esp:3V3", "oled1:VCC", "green", [ "v4.7", "h52.3", "v-163.2", "h67.2" ] ],
    [ "esp:GND.2", "oled1:GND", "black", [ "h-24.2", "v-168.2", "h-9.6" ] ],
    [ "esp:D21", "oled1:SDA", "green", [ "h42.7", "v-72.5", "h86.4", "v0", "h9.6" ] ],
    [ "esp:D22", "oled1:SCL", "green", [ "h23.5", "v-62.8", "h105.6" ] ]
  ],
  "dependencies": {}
}